-0.17295442521572113, -0.33108365535736084, 0.02576279453933239, 0.7143622636795044, 1.538266658782959, 0.03844233602285385, 0.012819771654903889, 0.7145498991012573, 1.1221961975097656, 0.43229249119758606, 0.029782777652144432, 0.7400474548339844, 1.1276280879974365, 0.4478464722633362, 0.4050203263759613, -0.033052898943424225, 0.7816893458366394, 1.2273948192596436, 0.33674848079681396, -0.253517746925354, 0.6034671068191528, -0.02289375476539135, -0.02797020599246025, -0.7918553352355957, 0.0040119721894449345, 0.010069940997652016, -0.04311666275104592, 0.62936940539707, 0.7699554894504368, -0.09803446101329094, -0.03810433399378933, 0.15, 0.0, -0.03, 2.2662737386588705e-18, -0.9993148560496963, 0.03701105886589917, 6.119038699008292e-17
0.0602632537484169, -0.6949583888053894, 0.3126392066478729, 0.5302941203117371, 1.0803780555725098, 0.026590978726744652, 0.3178142309188843, 0.16915719211101532, 1.410343885421753, 0.6260141730308533, -0.26383063197135925, 0.05951220914721489, 1.5408971309661865, 1.0959511995315552, 0.040711868554353714, -0.2549690008163452, 0.01898045651614666, 1.7583736181259155, 0.5652500987052917, -0.3133399784564972, 0.19321055710315704, 0.17161954939365387, -0.572028636932373, -1.059435248374939, -0.010143711420466106, -0.0009049662615663312, -0.08022596655186573, 0.42925715415495863, 0.8704512779445966, -0.03275691088214383, -0.2387045310019562, 0.15, 0.0, -0.03, 2.2662737386588705e-18, -0.9993148560496963, 0.03701105886589917, 6.119038699008292e-17
-0.1978663206100464, -0.3118513822555542, 0.36454856395721436, 1.2273510694503784, 0.02673921547830105, -0.002444848418235779, 0.25365298986434937, 0.1979396641254425, 1.086672306060791, 0.40513527393341064, -0.2845727503299713, 0.5735670924186707, 1.0484732389450073, 0.24579258263111115, 0.6897226572036743, -0.2723062038421631, 0.31874075531959534, 1.4685683250427246, 0.7178201079368591, -0.8834105730056763, 0.023939665406942368, 0.1388918161392212, -0.37358543276786804, -1.5303452014923096, 0.0025096208963693023, -0.0018051853215503844, -0.01926964637805814, 0.44508005646183524, 0.8192643684679068, -0.30332650650624016, 0.1967299376036377, 0.15, 0.0, -0.03, 0.6321868138886736, 0.3167646324091245, 0.6321868138886734, -0.31676463240912445
-0.4361676573753357, -0.5226371884346008, 0.31416594982147217, 0.5585152506828308, -0.023422125726938248, -0.0018522805767133832, 0.3333323299884796, 0.17439037561416626, 1.6601448059082031, 1.0555758476257324, 0.07970274239778519, -0.02743176743388176, 0.8135688900947571, 0.19829954206943512, 0.19374530017375946, -0.2601701617240906, 0.1826050728559494, 1.7792158126831055, 1.3908878564834595, -0.9317961931228638, 0.2644824981689453, 0.15630018711090088, -0.5667368173599243, -1.5585529804229736, 0.05726333333313516, 0.014829876076697501, -0.0626429571554035, 0.4385532546056704, 0.8948190109610437, 0.08211386272343696, -0.015076274278150472, 0.15, 0.0, -0.03, 0.6321868138886736, 0.3167646324091245, 0.6321868138886734, -0.31676463240912445
-0.46026697754859924, -0.7003434300422668, 0.35182568430900574, 1.3065317869186401, 0.007232027128338814, -0.0036299843341112137, 0.3301374316215515, 0.3789197504520416, 1.190875768661499, 0.5228166580200195, -0.19641868770122528, -0.009406796656548977, 1.809657096862793, 1.2991100549697876, 0.33319589495658875, -0.26537132263183594, 0.0026179938577115536, 1.3653501272201538, 0.490596741437912, -0.8482210040092468, 0.28378531336784363, 0.07970336824655533, -0.5667368173599243, -1.4285956621170044, 0.06036912121378979, 0.018251212497211622, -0.067723001872041, 0.3012766585593164, 0.894361613533969, 0.3228079243531701, -0.07172672597467772, 0.15, 0.0, -0.03, 0.6321868138886736, 0.3167646324091245, 0.6321868138886734, -0.31676463240912445
-0.4560757875442505, -0.5253297090530396, 0.3324868977069855, 0.9736126661300659, -0.01784864254295826, -0.0036299843341112137, 0.29134219884872437, -0.15093863010406494, 1.758197546005249, 1.0718460083007812, 0.23731058835983276, -0.003045042511075735, 1.6124764680862427, 0.49092721939086914, 0.781815767288208, -0.26537132263183594, 0.3788033127784729, 1.1506702899932861, 0.13103920221328735, -0.8631765842437744, 0.20063471794128418, 0.16813787817955017, -0.18112680315971375, -1.4104621410369873, 0.04611968550964196, 0.004758695275743796, -0.05779311710765028, 0.3227394978563084, 0.932740607354941, 0.10772351946056216, -0.11928880613713647, 0.15, 0.0, -0.03, 0.6321868138886736, 0.3167646324091245, 0.6321868138886734, -0.31676463240912445
-0.46079087257385254, -0.7057284712791443, 0.34877216815948486, 0.8712841272354126, 0.05878673866391182, -0.002444848418235779, 0.31370648741722107, -0.004409746266901493, 1.1482471227645874, 0.49565938115119934, 0.32382023334503174, -0.006225919816643, 0.9615086913108826, 0.3279159665107727, 0.641042947769165, -0.2705724835395813, -0.04581489413976669, 1.2651091814041138, 0.9732962846755981, -0.7857595682144165, 0.2995193302631378, 0.1486404985189438, -0.24710194766521454, -1.225096583366394, 0.06299001496481105, -0.0005636787807592469, -0.07738975428806075, 0.1888206370971909, 0.8370607954963584, 0.40643671992949704, -0.3138234923363227, 0.15, 0.0, -0.03, 0.6321868138886736, 0.3167646324091245, 0.6321868138886734, -0.31676463240912445
-0.46079087257385254, -0.22338290512561798, 0.25411394238471985, 0.11016281694173813, 0.76639723777771, 0.00822137389332056, 0.07474078238010406, 0.1613074392080307, 1.486217975616455, 0.8675199151039124, 0.01964523084461689, 0.09768273681402206, 1.6043730974197388, 0.8957732915878296, 0.3413456082344055, -0.2705724835395813, 1.060167908668518, 1.7782232761383057, 1.3908878564834595, -0.9502707123756409, 0.2229072004556656, 0.15072950720787048, -0.5667368173599243, -1.574671745300293, 0.04598013446660798, 0.002017602015321862, -0.04121847959143249, 0.5452467736917637, 0.35734681392049616, 0.7011614418261278, -0.28875914332865493, 0.15, 0.0, -0.03, 5.848976904430099e-17, -0.2959274529185926, 0.9552104179755967, 1.8120330399829184e-17
-0.43931105732917786, -0.10798924416303635, 0.3370671272277832, 0.9089024066925049, 0.1437823474407196, -0.008963095024228096, 0.3082295358181, 1.2871854305267334, 1.7465245723724365, 1.51023530960083, -0.2655591368675232, -0.03273322805762291, 1.0484732389450073, 0.41184747219085693, 0.11134268343448639, -0.30351313948631287, 0.06610434502363205, 1.1150511503219604, 0.2956066131591797, -0.9168406128883362, 0.3423710763454437, 0.10894943028688431, -0.5587990880012512, -0.7593948245048523, 0.01669996241785343, 0.003557827603561159, -0.00865571183783359, -0.5517777911889199, -0.38501361650620736, -0.608414473498998, -0.4208771943125749, 0.15, 0.0, -0.03, 5.848976904430099e-17, -0.2959274529185926, 0.9552104179755967, 1.8120330399829184e-17
-0.45188459753990173, -0.5764875411987305, 0.43325212597846985, 1.0401965379714966, -0.1627591848373413, -0.004222552292048931, 0.24311533570289612, 0.6546376943588257, 1.2597628831863403, 0.6103233098983765, 0.25355860590934753, 0.19947080314159393, 0.7106108069419861, 0.14338570833206177, 0.7672631144523621, -0.2688387632369995, 0.09817477315664291, 0.6614480018615723, -0.05734718218445778, -0.9634667634963989, 0.28230050206184387, 0.1444624960422516, -0.5482154488563538, -1.4426995515823364, 0.04154502763954815, 0.004329918732876026, -0.06349601435870056, 0.5373876073557446, 0.4846263285859346, 0.6586791089335247, 0.20614003142602785, 0.15, 0.0, -0.03, 5.848976904430099e-17, -0.2959274529185926, 0.9552104179755967, 1.8120330399829184e-17
-0.4539802074432373, -0.6922658681869507, 0.26225656270980835, 0.9862096309661865, -0.08055032044649124, 0.08347749710083008, 0.25665467977523804, 0.5408045649528503, 1.424351453781128, 0.49384891986846924, 0.26453697681427, 0.0033167118672281504, 1.7853471040725708, 0.8590384721755981, 0.7727203369140625, -0.2740399241447449, 0.6639323830604553, 0.7804611921310425, 0.7213683724403381, -0.9968968033790588, 0.24666452407836914, 0.1200907826423645, -0.5561531782150269, -1.4981077909469604, 0.03948113821242494, 0.006346009269593944, -0.07399355037852387, 0.486992684009645, 0.4800259404814766, 0.6867493371318459, 0.24655338191743836, 0.15, 0.0, -0.03, 5.848976904430099e-17, -0.2959274529185926, 0.9552104179755967, 1.8120330399829184e-17
-0.4267374873161316, -0.35800886154174805, 0.3452097773551941, 0.6928661465644836, 0.8648058176040649, 0.0657004565000534, 0.2285633236169815, -0.09250151365995407, 0.8569510579109192, 0.07865272462368011, 0.2965938448905945, -0.03485381603240967, 0.4617120921611786, 0.0953979417681694, 0.1593354195356369, -0.26363760232925415, -0.013089969754219055, 1.4248991012573242, 1.1909953355789185, -0.6476406455039978, 0.007606509607285261, 0.1409808248281479, -0.5005890727043152, -1.5595604181289673, 0.0721916635718105, -0.014761765195606569, -0.062222720992698294, 0.0008126075687864276, -0.2807721479547439, -0.9077323101436313, -0.3117505312315039, 0.15, 0.0, -0.03, 5.848976904430099e-17, -0.2959274529185926, 0.9552104179755967, 1.8120330399829184e-17
-0.45974308252334595, -0.1849183589220047, 0.2719259560108185, -0.06016455590724945, 1.082460880279541, 0.2499890774488449, 0.33698365092277527, 0.01477855909615755, 1.0594372749328613, 0.5234201550483704, -0.09962204843759537, -0.008346504531800747, 1.103318214416504, 1.0363237857818604, 0.7286075353622437, -0.2740399241447449, 0.5675874352455139, 1.608508586883545, 1.5319335460662842, -0.3194981515407562, 0.3264547288417816, 0.1200907826423645, -0.5058808922767639, -1.3520317077636719, 0.05535948585237449, -0.017593724455490012, -0.027261979017714655, 0.1793075580931729, -0.0851481800058603, 0.8719438846131649, 0.44756278792819315, 0.15, 0.0, -0.03, 5.848976904430099e-17, -0.2959274529185926, 0.9552104179755967, 1.8120330399829184e-17
-0.4560757875442505, -0.16953253746032715, 0.3319779634475708, -0.039866477251052856, 1.0053964853286743, 0.009406509809195995, 0.343829870223999, 0.012161972001194954, 1.1435105800628662, 0.9189040064811707, -0.320871502161026, 0.16130028665065765, 1.357222080230713, 1.472151279449463, 0.2951638996601105, -0.2688387632369995, 1.1503479480743408, 1.640268087387085, 1.428251028060913, -0.5323948860168457, 0.0001823478378355503, 0.134713813662529, -0.5587990880012512, -1.2543118000030518, 0.05414511313915016, -0.009501049785749949, -0.02485839971572354, 0.1310925766665335, -0.1090269049548035, 0.9301818275230372, 0.32509942799827873, 0.15, 0.0, -0.03, 5.848976904430099e-17, -0.2959274529185926, 0.9552104179755967, 1.8120330399829184e-17
-0.46026697754859924, -0.30031201243400574, 0.31976401805877686, -0.006330516189336777, 0.6697532534599304, -0.011925934813916683, 0.3269425332546234, 0.015650754794478416, 1.1517994403839111, 1.0908278226852417, -0.3105004131793976, 0.1305518001317978, 1.3329120874404907, 1.480737328529358, 0.14575256407260895, -0.2671050429344177, 0.9739851951599121, 1.6998170614242554, 0.7124977111816406, -0.7285766005516052, -0.004272149410098791, 0.136106476187706, -0.5587990880012512, -1.1068100929260254, 0.057556005939222166, -0.009134669723953937, -0.03812744159162332, 0.10977859246805549, -0.0603554549825482, 0.9345079187280918, 0.3331678698855464, 0.15, 0.0, -0.03, 5.848976904430099e-17, -0.2959274529185926, 0.9552104179755967, 1.8120330399829184e-17
-0.45974308252334595, -0.30031201243400574, 0.31976401805877686, 0.00690736249089241, 1.7519104480743408, 0.08347749710083008, 0.3260296881198883, -0.0009209636482410133, 1.1553518772125244, 1.1287914514541626, -0.3035863935947418, 0.08177834749221802, 1.3072515726089478, 1.4853606224060059, 0.10409849882125854, -0.27924108505249023, 0.9015259146690369, 1.7305840253829956, 0.7012614607810974, -0.7681648135185242, 0.0016671802150085568, 0.14306983351707458, -0.5587990880012512, -0.7286888957023621, 0.059097413426205, -0.00837514964583963, -0.036986778290067523, 0.10431730298241061, -0.021822565371150963, 0.94837260080123, 0.2987157277222085, 0.15, 0.0, -0.03, 5.848976904430099e-17, -0.2959274529185926, 0.9552104179755967, 1.8120330399829184e-17
-0.4628864526748657, -0.3291604518890381, 0.33045122027397156, 0.009554938413202763, 0.9502016305923462, -7.457684114342555e-05, 0.3146193325519562, -0.007898529060184956, 1.215405821800232, 1.0007600784301758, -0.3018578588962555, 0.03194460645318031, 1.288343906402588, 1.4873420000076294, 0.09323221445083618, -0.2740399241447449, 0.8032878041267395, 1.7405089139938354, 0.883997917175293, -0.4884079396724701, 0.009091341868042946, 0.1451588273048401, -0.4609004259109497, -0.4419121742248535, 0.06107536478382358, -0.008241036836457827, -0.03570248363875769, 0.10474884735695902, 0.01010138008458198, 0.9587935780115412, 0.26389489548227685, 0.15, 0.0, -0.03, 5.848976904430099e-17, -0.2959274529185926, 0.9552104179755967, 1.8120330399829184e-17
-0.464458167552948, -0.34069982171058655, 0.2056511491537094, -0.013390718027949333, 1.7077082395553589, 0.42244166135787964, 0.31279367208480835, -0.003537550801411271, 1.1446946859359741, 0.43832746148109436, -0.2240748554468155, 0.9908554553985596, 1.8002032041549683, 1.4516769647598267, 0.04705053195357323, -0.26363760232925415, 0.05235987901687622, 1.7415014505386353, 0.8053443431854248, -0.4998445510864258, 0.0016671802150085568, 0.14794416725635529, -0.310720831155777, -0.3705451190471649, 0.04186108859993021, -0.005962397837250832, -0.049419863673427794, -0.07326552397065147, -0.21791748836174546, 0.9625523137551119, 0.1436564462462274, 0.15, 0.0, -0.03, 5.848976904430099e-17, -0.2959274529185926, 0.9552104179755967, 1.8120330399829184e-17
-0.4576474726200104, -0.5980277061462402, 0.31772834062576294, 0.058093827217817307, 0.433603435754776, -0.004222552292048931, 0.34246063232421875, 0.7554898858070374, 1.4208495616912842, 1.46775221824646, 0.3044982850551605, 0.01179905142635107, 1.0044912099838257, 0.34280022978782654, 0.5444211959838867, -0.2740399241447449, -0.010471975430846214, 1.7752459049224854, 1.319898009300232, -0.3986746072769165, 0.28823983669281006, 0.15351484715938568, -0.5614449977874756, -1.44370698928833, 0.03724470016047321, 0.02439193386615146, -0.051732375036926764, 0.10882751638982979, -0.3366492746393227, 0.9126779170701735, 0.20455526699082674, 0.15, 0.0, -0.03, 0.3451997780645893, -0.6171200152516189, 0.34519977806458907, 0.617120015251619
-0.46026697754859924, -0.689573347568512, 0.14801275730133057, 0.9610157608985901, 0.28172603249549866, -0.010148230940103531, 0.3146193325519562, 0.7834489345550537, 1.365986704826355, 0.7091852426528931, 0.1634448915719986, 0.006497588939964771, 1.4639157056808472, 0.864362359046936, 0.750436544418335, -0.26537132263183594, 0.5636815428733826, 1.596598744392395, 1.5151201486587524, -0.15234781801700592, 0.17093807458877563, 0.15699651837348938, 0.06473143398761749, -0.4902312159538269, 0.027506083408347815, 0.012159430884819744, -0.050351008417776705, 0.47329776889556285, -0.5891423211639405, 0.5757073040756022, 0.31218848057871856, 0.15, 0.0, -0.03, 0.3451997780645893, -0.6171200152516189, 0.34519977806458907, 0.617120015251619
-0.43250036239624023, -0.11568215489387512, 0.3100946247577667, 1.400109052658081, 0.01698562130331993, -0.011925934813916683, 0.335614413022995, 0.4306045472621918, 1.0783833265304565, 0.19021926820278168, -0.28111574053764343, -0.02107001282274723, 1.8042548894882202, 1.344681978225708, 0.23268280923366547, -0.2723062038421631, 0.633987307548523, 1.7742533683776855, 1.2993483543395996, 0.2569749653339386, 0.025424497202038765, 0.1423734873533249, -0.5667368173599243, -1.0883865356445312, 0.0359122209450069, 0.029309409559264976, -0.022672153636260906, -0.0312976745815035, -0.750478600992995, 0.6505494889583631, 0.11219486366763919, 0.15, 0.0, -0.03, 0.1573333763531754, 0.15733337635317518, 0.6893810330182504, 0.6893810330182505
-0.04839492216706276, -0.7030359506607056, 0.3131481111049652, 0.8121697306632996, 0.8970896005630493, 0.005851102061569691, 0.1032426580786705, -0.003537550801411271, 1.4582029581069946, 0.6109268069267273, -0.30877190828323364, -0.005165627226233482, 1.3369637727737427, 0.4124376177787781, 0.749072253704071, -0.26190388202667236, -0.007853982038795948, 1.069121241569519, 0.2551865577697754, 0.5976923108100891, 0.2229072004556656, 0.1235724538564682, -0.3550640642642975, -1.193866491317749, -0.005902650032660328, -0.001979566828555601, -0.07230769874671122, 0.31656049847931755, -0.4778117586820261, 0.7129782083764635, 0.4039151500600139, 0.15, 0.0, -0.03, 0.1573333763531754, 0.15733337635317518, 0.6893810330182504, 0.6893810330182505
-0.09687213599681854, -0.3560856282711029, 0.3508078455924988, 0.28387731313705444, 1.7924290895462036, 0.9219521880149841, 0.316444993019104, 0.3567691147327423, 1.2189075946807861, 0.6308420896530151, -0.2828442454338074, -0.01682884432375431, 0.006001795642077923, 0.019705897197127342, 0.040711868554353714, -0.21335972845554352, -0.003926991019397974, 0.8087512254714966, 0.16351960599422455, -0.34413081407546997, 0.637982964515686, 0.15908552706241608, -0.5587990880012512, -1.5474714040756226, 0.044713767381212355, -0.023294495357020994, -0.05314227196541424, -0.06695897323686527, -0.0856002130223709, -0.7457118364287708, -0.6573453859605465, 0.15, 0.0, -0.03, 0.1573333763531754, 0.15733337635317518, 0.6893810330182504, 0.6893810330182505
0.11040779203176498, -0.6653406620025635, -0.18272562325000763, 0.0007296856492757797, 0.005838656798005104, -0.016666477546095848, -0.2528500258922577, 0.2780113220214844, 1.7546956539154053, 1.449674367904663, -0.3070434033870697, 0.23658104240894318, 1.422048568725586, 0.654988169670105, 0.37477993965148926, -0.23416435718536377, 0.03796091303229332, 1.371304988861084, 1.0686312913894653, -0.3617255985736847, 0.1130296066403389, 0.16535253822803497, -0.5826122760772705, -1.5565381050109863, -0.00047066893398495235, 0.0011183840655307753, -0.061857369864127515, 0.5340948847308966, 0.0901743658351074, 0.3951385534544817, 0.7419412115689666, 0.15, 0.0, -0.03, 0.9322125687756574, 0.0, 0.0, 0.361911213720562
0.10741408914327621, -0.708420991897583, -0.11965350061655045, 0.8390399217605591, 0.011412139050662518, -0.013703638687729836, -0.27238455414772034, -0.02010926976799965, 1.3788269758224487, 0.8095634579658508, -0.28630125522613525, -0.053939078003168106, 0.48870110511779785, 0.02663196623325348, 0.09594878554344177, 0.22099892795085907, 0.29648780822753906, 1.7524187564849854, 0.9324910640716553, -0.37404194474220276, 0.44766393303871155, 0.1444624960422516, -0.38681498169898987, -1.0313613414764404, -0.01744726053013923, -0.005705715161011482, -0.07708526382858386, 0.14386716612940248, 0.17825579550922926, 0.15787021725010306, 0.9605228286629487, 0.15, 0.0, -0.03, 0.9322125687756574, 0.0, 0.0, 0.361911213720562
0.10965936630964279, -0.4553241729736328, 0.4714207649230957, 0.484195739030838, 0.78369140625, 0.14332684874534607, 0.04040898010134697, 0.01913953758776188, 0.18264225125312805, -0.0432920940220356, -0.3035863935947418, -0.09741106629371643, 0.9874981045722961, 0.9378319382667542, 0.061538904905319214, -0.09720052033662796, 0.08835729211568832, 1.4854406118392944, -0.03641536086797714, 0.11245348304510117, 0.6255572438240051, 0.14376616477966309, -0.5746745467185974, -1.599857211112976, -0.015108185057183143, -0.03168063046256253, -0.05972591111915879, 0.3998310767399036, 0.17529721790168218, -0.0012826260064873474, 0.8996690226630385, 0.15, 0.0, -0.03, 0.9322125687756574, 0.0, 0.0, 0.361911213720562
0.10965936630964279, -0.6438004970550537, 0.2871934175491333, 0.7466064691543579, 1.7592774629592896, 1.034460425376892, 0.1713588535785675, -0.09162931889295578, 1.4080092906951904, 0.863337516784668, -0.2759301960468292, 0.12419004738330841, 0.33022341132164, 0.017727021127939224, 0.02984558790922165, -0.14227722585201263, 0.11584623157978058, 1.0878682136535645, 0.513651430606842, -0.9713844060897827, 0.0061216773465275764, 0.15281851589679718, -0.6037795543670654, -0.9383663535118103, -0.0031968027523965326, -0.016292927855153683, -0.08660978431958946, 0.6775359483064627, 0.26168110082265367, -0.1579156239690768, 0.6689773508357094, 0.15, 0.0, -0.03, 0.9322125687756574, 0.0, 0.0, 0.361911213720562
0.08720658719539642, -0.4418615996837616, 0.2061014473438263, 0.09604240953922272, 1.1314072608947754, 0.12377211451530457, 0.3205527067184448, 0.1813679337501526, 1.6729850769042969, 1.0926355123519897, -0.25345954298973083, 0.10510478168725967, 1.50848388671875, 0.6780039072036743, 0.48984095454216003, -0.15614698827266693, 0.28012534976005554, 1.336567997932434, 0.7799150347709656, -0.9960170984268188, 0.009091341868042946, 0.1193944439291954, -0.030326461419463158, -0.7593948245048523, -0.007523476146848784, 0.006590748913930189, -0.04594809931243385, 0.8928951533167881, -0.05323734530838873, -0.2313150703402858, 0.38261909058667415, 0.15, 0.0, -0.03, 0.6840499975149177, -0.6840499975149175, 0.17909662447919394, -0.17909662447919383
-0.037622205913066864, -0.5307146906852722, 0.31416594982147217, 0.8659101128578186, 1.6727148294448853, 0.20910188555717468, 0.32876819372177124, 0.043561019003391266, 1.7908817529678345, 1.3421107530593872, -0.2897582948207855, -0.011527381837368011, 1.1613919734954834, 0.28487539291381836, 0.7668083310127258, -0.2705724835395813, 0.6170618534088135, 1.427876591682434, 0.5559184551239014, -1.0065739154815674, 0.004636845085769892, 0.16604886949062347, -0.3682936131954193, -1.5414268970489502, -0.003706143576487131, 0.03259433468786577, -0.04166262625303843, 0.7831864076278524, -0.30734583192235976, -0.4235015798217707, 0.3358630709015153, 0.15, 0.0, -0.03, 0.6840499975149177, -0.6840499975149175, 0.17909662447919394, -0.17909662447919383
0.10516881197690964, -0.5872576236724854, 0.33859387040138245, 0.03867826983332634, 0.3193470537662506, -0.008370527066290379, 0.3283117711544037, 0.8373698592185974, 1.7476918697357178, 1.3204172849655151, -0.29667234420776367, -0.006225919816643, 0.9645074605941772, 0.3140638470649719, 0.0968543142080307, -0.2601701617240906, 0.005235987715423107, 1.5410196781158447, 0.6662517786026001, -0.9713844060897827, 0.0595756433904171, 0.14376616477966309, -0.41856586933135986, -1.1357613801956177, -0.04168754154050003, 0.005767111770587197, -0.057079475399525986, -0.4193262138687459, 0.12143966121918921, 0.8873307958997709, -0.1485328034252033, 0.15, 0.0, -0.03, 0.6840499975149177, -0.6840499975149175, 0.17909662447919394, -0.17909662447919383
0.10816251486539841, -0.7003434300422668, 0.3299423158168793, 0.26962870359420776, 1.5925984382629395, 0.24347083270549774, 0.335614413022995, -0.01313170325011015, 1.0547007322311401, 0.46126022934913635, -0.3018578588962555, -0.003045042511075735, 0.7555924654006958, 0.15624840557575226, 0.17201274633407593, -0.26363760232925415, 0.36187782883644104, 1.7812007665634155, 1.3787449598312378, -0.5200785398483276, 0.015030670911073685, 0.020556911826133728, -0.5984877347946167, -1.553515911102295, -0.01809024254021685, -0.015463692859991274, -0.09094737278790922, 0.8215452005167063, -0.4099920184306356, -0.3280575714995948, 0.22214467833582374, 0.15, 0.0, -0.03, 0.6840499975149177, -0.6840499975149175, 0.17909662447919394, -0.17909662447919383
0.11040779203176498, -0.6976509094238281, 0.25716742873191833, 0.47581422328948975, 1.452625036239624, 0.8740763068199158, -0.09462021291255951, 0.12903620302677155, 1.0464118719100952, 0.4757440984249115, 0.03314816951751709, 0.0033167118672281504, 1.0871115922927856, 0.4201095402240753, 0.41829660534858704, -0.26190388202667236, 0.05628686770796776, 1.416959285736084, 0.3961821496486664, -0.9520301818847656, 0.029878994449973106, 0.037352968007326126, -0.5773204565048218, -1.560567855834961, -0.009823893292049801, -0.02206853298208411, -0.09084097236386456, 0.9216186712186715, -0.38266987310425826, -0.05816114143650907, 0.028285591849976713, 0.15, 0.0, -0.03, 0.6840499975149177, -0.6840499975149175, 0.17909662447919394, -0.17909662447919383
-0.08003976941108704, -0.6976509094238281, 0.3212907612323761, 1.0779873132705688, 1.7859828472137451, 1.278668999671936, 0.31279367208480835, 0.5457972288131714, 1.6087838411331177, 0.8991868495941162, -0.19123314321041107, 0.08283863961696625, 1.7745426893234253, 0.8020729422569275, 0.7568033337593079, -0.2688387632369995, 0.024870941415429115, 1.6462229490280151, 0.9839411377906799, -0.8165504336357117, 0.0016671802150085568, 0.15281851589679718, -0.5826122760772705, -1.2915863990783691, 0.02748301043013579, 0.024474070648860424, -0.046437750551045015, 0.5545309935619138, -0.31871563079010257, 0.5649668610124238, -0.5212755219910794, 0.15, 0.0, -0.03, 0.07931114281788762, -0.7026448196812672, 0.0793111428178876, 0.7026448196812674
-0.03358243778347969, -0.7003434300422668, 0.2612387537956238, 0.018380191177129745, 0.67280513048172, 0.007628805935382843, 0.1388700008392334, 0.7704679369926453, 1.4757124185562134, 0.9774579405784607, -0.2880297899246216, -0.012587673962116241, 0.6736258268356323, 0.11518670618534088, 0.49721667170524597, -0.2688387632369995, 0.001963495509698987, 1.4000869989395142, 0.5010262727737427, -0.8015948534011841, 0.0061216773465275764, 0.15630018711090088, -0.4000445008277893, -1.5635900497436523, 0.013257225682201002, 0.02706262670363191, -0.049881973424428766, 0.6870942834352645, -0.47948359962437714, 0.37552954551368517, -0.3962000552853512, 0.15, 0.0, -0.03, 0.07931114281788762, -0.7026448196812672, 0.0793111428178876, 0.7026448196812674
-0.4345959722995758, -0.6626481413841248, 0.23935538530349731, 0.6939409375190735, 0.5985418558120728, 0.005258534103631973, 0.23408304154872894, 0.2092781960964203, 1.718509554862976, 1.1577160358428955, 0.18490861356258392, 0.018160805106163025, 1.6408380270004272, 0.5151232481002808, 0.12220896035432816, -0.26363760232925415, 0.030106930062174797, 1.7444788217544556, 0.9685652256011963, -0.19105632603168488, 0.48316964507102966, 0.09084472805261612, -0.572028636932373, -1.5625827312469482, 0.05122458127387741, 0.021152183761855903, -0.0665491256502361, 0.7774828517565041, -0.41724398903536264, 0.4556025145590527, -0.11770394031594825, 0.15, 0.0, -0.03, 0.07931114281788762, -0.7026448196812672, 0.0793111428178876, 0.7026448196812674
-0.45921918749809265, -0.463401734828949, 0.32281750440597534, 1.0977824926376343, 0.622957170009613, 0.004073398653417826, 0.12073244154453278, -0.004409746266901493, 1.758197546005249, 1.348438024520874, 0.23097707331180573, -0.0009244577377103269, 0.648635983467102, 0.07363029569387436, 0.7631701231002808, -0.2740399241447449, 0.840214192867279, 1.167542576789856, 0.29993733763694763, -1.0593582391738892, 0.0818481296300888, 0.07134735584259033, -0.3524181544780731, -1.4457218647003174, 0.029333938381713942, 0.007549706294699532, -0.040889420135928695, 0.848065725958346, -0.23729937156854833, 0.38756904465939734, -0.27251379475123383, 0.15, 0.0, -0.03, 0.07931114281788762, -0.7026448196812672, 0.0793111428178876, 0.7026448196812674
-0.3843017518520355, -0.3387765884399414, 0.3192550837993622, 0.31824156641960144, 0.37926197052001953, 0.0011105589801445603, 0.3269425332546234, 0.040944430977106094, 0.8179308772087097, 0.39004790782928467, 0.09148161858320236, -0.013647967018187046, 1.6746019124984741, 0.48266515135765076, 0.6395677924156189, -0.26537132263183594, 0.43348559737205505, 1.7603585720062256, 1.0350044965744019, -0.8658157587051392, 0.012061006389558315, 0.1388918161392212, -0.032682716846466064, -1.3127422332763672, 0.03375729486796053, -0.032885883672684635, -0.05355048807184212, 0.6722996955196885, -0.12902827877712542, 0.7287357171302175, 0.017580593239539033, 0.15, 0.0, -0.03, 0.07931114281788762, -0.7026448196812672, 0.0793111428178876, 0.7026448196812674
-0.46079087257385254, -0.3599320948123932, 0.31518375873565674, 0.3065074384212494, 0.5517458319664001, 0.0034808304626494646, -0.22354820370674133, 0.9931758046150208, 1.2947818040847778, 1.3312640190124512, -0.2845727503299713, -0.010467089712619781, 1.446358561515808, 0.3634553849697113, 0.7276979684829712, -0.2723062038421631, 0.0026179938577115536, 1.1787906885147095, 0.33674848079681396, -0.9124419093132019, 0.38644716143608093, 0.15142583847045898, -0.5058808922767639, -0.3218543231487274, 0.013642896885361244, 0.005172880811462943, -0.037387331352269154, 0.5992959343777109, -0.4989176643127312, 0.5628033481886249, 0.27418595613697755, 0.15, 0.0, -0.03, 0.07931114281788762, -0.7026448196812672, 0.0793111428178876, 0.7026448196812674
-0.4571235775947571, -0.6545705795288086, 0.35182568430900574, 1.187760591506958, 0.44196364283561707, -0.0012597126187756658, 0.3013833165168762, 1.0801609754562378, 1.6227914094924927, 0.2764887511730194, 0.18490861356258392, 0.00013583469262812287, 1.305901050567627, 0.6514472961425781, 0.7777228355407715, -0.25150156021118164, -0.019634954631328583, 1.6591252088546753, 0.9259858727455139, -0.33357396721839905, 0.5634287595748901, 0.1409808248281479, -0.5693827271461487, -0.014029547572135925, 0.030771325813863548, 0.0068169329371473575, -0.05206109257631711, 0.5987932492623421, -0.3051454238848381, 0.4653901316604164, 0.5759730378004595, 0.15, 0.0, -0.03, 0.07931114281788762, -0.7026448196812672, 0.0793111428178876, 0.7026448196812674
-0.46131476759910583, -0.6141828298568726, 0.316710501909256, 1.4468976259231567, -0.009488419629633427, -0.006000255700200796, 0.38262510299682617, 0.32887572050094604, 0.9279988408088684, 0.1545439213514328, 0.1681564450263977, 0.04042694717645645, 1.7772438526153564, 1.2079662084579468, 0.6108025908470154, -0.22029460966587067, 0.4777522087097168, 1.7782232761383057, 1.352590799331665, 0.023599887266755104, 0.02245483361184597, 0.1368028223514557, -0.593195915222168, 0.0008252675179392099, 0.019482157420309898, 0.00660237498100591, -0.04912474683461965, 0.6814437875558634, -0.3662269052664012, 0.17905388113825801, 0.6078255719446495, 0.15, 0.0, -0.03, 0.07931114281788762, -0.7026448196812672, 0.0793111428178876, 0.7026448196812674
-0.37068039178848267, -0.28877267241477966, 0.2714170515537262, 0.9035283327102661, 0.2900862693786621, -0.0018522805767133832, 0.3228347897529602, 0.13950254023075104, 1.3017855882644653, 0.2920561730861664, -0.08925098180770874, 0.19204875826835632, 1.805605411529541, 1.3757237195968628, 0.7085975408554077, -0.2740399241447449, 1.528894305229187, 1.6859222650527954, 0.5833645462989807, -0.33005499839782715, -0.0072418139316141605, 0.11312743276357651, -0.3921068012714386, -0.42676737904548645, 0.01280012935163799, -0.0007237479141934955, -0.038499143992877016, 0.5258010371974545, -0.33004290346662996, 0.1576136873226974, 0.767960205168172, 0.15, 0.0, -0.03, 0.07931114281788762, -0.7026448196812672, 0.0793111428178876, 0.7026448196812674
-0.46131476759910583, -0.029906192794442177, 0.3233264088630676, 0.9228748679161072, 0.12288178503513336, -0.010148230940103531, 0.34565553069114685, 1.442018985748291, 1.7792088985443115, 1.3990561962127686, -0.2759301960468292, -0.03379352390766144, 0.6176486015319824, 0.08698771148920059, 0.04886157810688019, -0.2671050429344177, 0.33248522877693176, 1.7593661546707153, 0.9608772993087769, -0.9089229702949524, 0.2585431635379791, 0.1402844935655594, -0.47148406505584717, -1.5484788417816162, 0.015330348426414453, 0.03628207733646838, -0.014611687979969173, 0.28132615514811754, -0.5170118065453034, 0.3019547680431155, 0.749918465153624, 0.15, 0.0, -0.03, 0.07931114281788762, -0.7026448196812672, 0.0793111428178876, 0.7026448196812674
-0.39058852195739746, -0.3464694917201996, 0.18538765609264374, 1.0401965379714966, 0.11591493338346481, -0.0125185027718544, 0.14210884273052216, 1.1810636520385742, 1.6776542663574219, 0.16038170456886292, -0.2828442454338074, 0.0033167118672281504, 1.805605411529541, 1.2878822088241577, 0.3873186409473419, -0.2705724835395813, 0.7761155366897583, 1.6849298477172852, 0.9336737990379333, -0.22536611557006836, 0.46970197558403015, 0.15351484715938568, -0.49529725313186646, -1.591797947883606, 0.020181073827747253, 0.04414168470700586, -0.023876666823776843, 0.21736155853680328, -0.47890851582646327, 0.1596210877658886, 0.8354170782787365, 0.15, 0.0, -0.03, 0.22556252988465655, 0.22556252988465658, -0.6701653117791411, -0.6701653117791412
-0.3958275020122528, -0.6976509094238281, 0.34622761607170105, 1.418104648590088, -0.023422125726938248, -0.007185391616076231, 0.343829870223999, 0.162179633975029, 1.7593648433685303, 0.7629593014717102, -0.19814719259738922, 0.001196127152070403, 1.3612736463546753, 0.55112224817276, 0.6373550891876221, -0.2723062038421631, -0.001963495509698987, 0.9763240218162537, 0.13320456445217133, -0.6054131984710693, 0.0031520125921815634, 0.07622169703245163, -0.5111727118492126, -1.460833191871643, 0.04878206692645559, 0.016771406922032717, -0.06190091815200785, 0.3476110674269641, -0.14112737660690372, 0.3961508273485154, 0.838041843445437, 0.15, 0.0, -0.03, 0.22556252988465655, 0.22556252988465658, -0.6701653117791411, -0.6701653117791412
-0.46131476759910583, -0.5091745853424072, 0.32485315203666687, 0.7283347845077515, -0.023422125726938248, -0.006000255700200796, 0.3420042097568512, -0.01487609464675188, 1.2352497577667236, 0.5873905420303345, 0.27858930826187134, -0.006225919816643, 0.8445562720298767, 0.24035067856311798, 0.2245330959558487, -0.256702721118927, -0.036651913076639175, 1.5449895858764648, 0.8053443431854248, -0.9810615181922913, 0.0001823478378355503, 0.15699651837348938, -0.5640909075737, -1.5807162523269653, 0.07632609752428676, 0.003035010053542231, -0.06864017242341569, 0.04306410988386783, 0.016302982164396317, 0.4958605840873764, 0.8671804750805817, 0.15, 0.0, -0.03, 0.22556252988465655, 0.22556252988465658, -0.6701653117791411, -0.6701653117791412
-0.3020497262477875, -0.43378403782844543, 0.358441561460495, 0.5235888957977295, 1.2063889503479004, 0.014739620499312878, 0.31279367208480835, 0.34692439436912537, 1.3227968215942383, 1.2842614650726318, -0.14974887669086456, 0.05845191702246666, 1.8150593042373657, 1.373081922531128, 0.20551709830760956, -0.26363760232925415, 0.022907447069883347, 1.7692909240722656, 1.281600832939148, -0.3722824454307556, 0.18133188784122467, 0.14655150473117828, -0.2824457585811615, -1.3963582515716553, 0.030043669824310948, 0.009461715848450791, -0.0543950231188744, 0.22516593266302923, 0.1992808081129309, -0.5220078863071914, -0.7981824534020676, 0.15, 0.0, -0.03, 0.2418032208914554, -0.6644781428809513, 0.2418032208914555, 0.6644781428809515
0.08720658719539642, -0.6976509094238281, 0.3131481111049652, 0.1472288817167282, 0.9262491464614868, 0.01177678070962429, 0.27034711837768555, 0.011289776302874088, 1.2002309560775757, 0.5867870450019836, 0.17600902915000916, 0.8638520240783691, 0.8235648274421692, 0.23441404104232788, 0.020790355280041695, -0.2549690008163452, 0.0359974168241024, 1.7792158126831055, 1.3908878564834595, -0.9467517137527466, 0.19024088978767395, 0.16535253822803497, 0.437546044588089, -0.9576671719551086, -0.026444474257355965, 0.005102269594546294, -0.07819559303847488, -0.19249795615360094, -0.4462407360607811, 0.3750460866080549, 0.7894011497816571, 0.15, 0.0, -0.03, 0.2418032208914554, -0.6644781428809513, 0.2418032208914555, 0.6644781428809515
0.10816251486539841, -0.7030359506607056, 0.3263798952102661, 0.36685439944267273, 1.2472691535949707, 0.02125786803662777, 0.31690141558647156, 0.05053858458995819, 1.2142385244369507, 0.39547935128211975, -0.3035863935947418, 0.004377004224807024, 1.598970890045166, 0.8803340196609497, 0.171107217669487, 0.12180540710687637, 0.971198320388794, 1.7663135528564453, 1.367535948753357, -0.5279961824417114, 0.09075712412595749, 0.15560385584831238, -0.5535072684288025, -1.5545233488082886, -0.01731835621138711, 0.006947213724803447, -0.07379498128690254, -0.2662925683492266, -0.5844086484874182, 0.39910731609033634, 0.6544219967713877, 0.15, 0.0, -0.03, 0.2418032208914554, -0.6644781428809513, 0.2418032208914555, 0.6644781428809515
0.10965936630964279, -0.5064820647239685, 0.38592299818992615, 0.6928661465644836, 0.09222763031721115, -0.002444848418235779, 0.32648611068725586, -0.014003898948431015, 0.8605034351348877, 0.2031921148300171, -0.29667234420776367, -0.01682884432375431, 0.5156900882720947, 0.03504219278693199, 0.44632428884506226, -0.24109923839569092, -0.0006544984644278884, 1.2003496885299683, 0.4225304126739502, -0.24911905825138092, 0.2511190176010132, 0.14306983351707458, -0.5614449977874756, -1.5454565286636353, -0.018977028303221344, -0.03634483545580314, -0.06367832531804563, 0.1512155877802173, -0.5446547690780906, 0.3569941259280811, 0.7436667416159073, 0.15, 0.0, -0.03, 0.1499557480205376, 0.1499557480205376, -0.6910233524531577, -0.6910233524531578
0.05726955085992813, -0.6949583888053894, 0.14350976049900055, 1.0240004062652588, 0.8606401681900024, 0.00822137389332056, 0.2730855941772461, 0.14560791850090027, 1.6251260042190552, 0.807173490524292, -0.2828442454338074, -0.0019847501534968615, 1.736727237701416, 0.5670562386512756, 0.04705053195357323, -0.2584364414215088, 0.012435470707714558, 1.7613511085510254, 1.0770379304885864, -0.3872380256652832, 0.10857510566711426, 0.16604886949062347, -0.5905500054359436, -1.560567855834961, 0.0031792216833861353, 0.001494562381351816, -0.08084251986378765, -0.11385374069538787, -0.37037326141234117, 0.34949194748159423, 0.853062923591206, 0.15, 0.0, -0.03, 0.21004746879737046, -0.0, -0.0, 0.9776911888995512
0.06475380808115005, -0.6357229351997375, 0.3365582227706909, 0.01926271617412567, 1.3310691118240356, 0.020665299147367477, 0.3273989260196686, 0.06623810529708862, 0.8533986806869507, 0.3128127455711365, -0.28630125522613525, -0.03485381603240967, 1.0830599069595337, 0.585940957069397, 0.27433687448501587, -0.15614698827266693, 0.013744467869400978, 1.2022243738174438, 0.038650475442409515, -0.0749308317899704, 0.18281672894954681, 0.10546775162220001, -0.6064254641532898, -1.2019258737564087, -0.011513614533269156, -0.039970687790548465, -0.0913043738246398, 0.04469300591689557, -0.508155341374288, 0.23701757636968296, 0.8268030918826651, 0.15, 0.0, -0.03, 0.21004746879737046, -0.0, -0.0, 0.9776911888995512
-0.015403484925627708, -0.6572631001472473, 0.3085678815841675, 0.21783089637756348, 1.7565147876739502, 0.2499890774488449, 0.3068602979183197, 0.5282314419746399, 0.4008364677429199, -0.03550838306546211, -0.2828442454338074, 0.025582851842045784, 0.2949606478214264, 0.028610844165086746, 0.10047640651464462, -0.24976783990859985, 0.23889194428920746, 1.647215485572815, 0.28911054134368896, -0.6951465010643005, -0.008726646192371845, -0.08068004995584488, -0.5455695390701294, -1.4950854778289795, 0.003669101074191161, -0.005942886939128589, -0.07658756400089162, 0.24719482854246544, 0.3584282046790246, -0.4743614434499606, -0.7651177424426272, 0.15, 0.0, -0.03, 0.21004746879737046, -0.0, -0.0, 0.9776911888995512
0.10965936630964279, -0.6922658681869507, 0.3289244771003723, 0.5369993448257446, 0.9751954674720764, 0.05325653403997421, 0.3693890869617462, 0.024372711777687073, 1.0547007322311401, 0.3592697083950043, -0.2932153046131134, -0.03273322805762291, 0.639639675617218, 0.046420734375715256, 0.11858686804771423, -0.13014119863510132, -0.011126473546028137, 0.9903842210769653, 0.045868344604969025, -0.9142013788223267, 0.47459930181503296, 0.15212218463420868, -0.5773204565048218, -1.5635900497436523, -0.011836171511781068, -0.03266754768055968, -0.1021272448284623, 0.08259042296954962, 0.2619649526606219, -0.1049460553399641, -0.9557926088225469, 0.15, 0.0, -0.03, 0.21004746879737046, -0.0, -0.0, 0.9776911888995512
-0.0396420918405056, -0.5280221700668335, 0.25920307636260986, 0.681043267250061, 1.7629609107971191, 0.16525186598300934, 0.3123372495174408, -0.003537550801411271, 0.5223585367202759, -0.038102950900793076, 0.2205069661140442, 0.3933775722980499, 1.4031407833099365, 0.35460320115089417, 0.709052324295044, -0.2428329586982727, 0.5363403558731079, 0.9885095357894897, -0.038580723106861115, -0.8447020649909973, -0.0072418139316141605, 0.15630018711090088, 0.1038404107093811, -1.5404194593429565, -0.007019229329552568, 0.02297530623769406, -0.04763142125771844, 0.0904927924628352, -0.5902325130654615, 0.7432491298172561, 0.30169084516869227, 0.15, 0.0, -0.03, 6.093024681850119e-17, 0.9950664446422137, 0.09921073907145457, 6.0749057022450045e-18
-0.44088274240493774, -0.659955620765686, 0.34164735674858093, 0.013967564329504967, 1.5981237888336182, 0.17532552778720856, 0.3013833165168762, 0.6346669793128967, 1.1139073371887207, 0.5318690538406372, -0.2845727503299713, -0.011527381837368011, 1.7893987894058228, 0.8696862459182739, 0.5643355846405029, -0.2740399241447449, 0.8325502276420593, 1.124424695968628, 0.18806035816669464, -0.9520301818847656, -0.005756981670856476, 0.16326352953910828, -0.134001687169075, -1.398373007774353, 0.03860006539875416, 0.009011965935049049, -0.0688864298347624, 0.1527596202190973, -0.6718612504165372, 0.6742169866368645, 0.2658917327589374, 0.15, 0.0, -0.03, 6.093024681850119e-17, 0.9950664446422137, 0.09921073907145457, 6.0749057022450045e-18
-0.45921918749809265, -0.6814957857131958, 0.2254643440246582, 0.9628153443336487, 0.005838656798005104, -0.020221885293722153, 0.32876819372177124, 0.9201083183288574, 0.98957359790802, 0.9547533392906189, -0.1929616630077362, 0.001196127152070403, 1.3504692316055298, 0.3605046570301056, 0.6233412623405457, -0.24976783990859985, -0.03272492438554764, 1.6462229490280151, 1.4226465225219727, -0.3089412748813629, 0.02245483361184597, 0.16535253822803497, -0.5905500054359436, -1.5666123628616333, 0.04559258157361712, 0.02351121426048708, -0.06141915044237384, 0.31837470403069246, -0.7578827924082746, 0.5524697167939812, 0.1379435856804641, 0.15, 0.0, -0.03, 6.093024681850119e-17, 0.9950664446422137, 0.09921073907145457, 6.0749057022450045e-18
-0.46079087257385254, -0.5468698143959045, 0.34622761607170105, 1.3983094692230225, -0.04014257341623306, -0.0065928236581385136, 0.32557329535484314, 0.338720440864563, 1.6578102111816406, 0.865727424621582, 0.31855061650276184, 0.0033167118672281504, 1.0979160070419312, 0.46260014176368713, 0.5407333374023438, 0.14892573654651642, 1.2625486850738525, 1.7534111738204956, 1.4450644254684448, -0.6159700155258179, -0.0013024845393374562, 0.136106476187706, -0.24003317952156067, -1.2432302236557007, 0.030243999618428496, 0.01374022037017919, -0.057006370796380046, 0.18063807894006867, -0.808608709202366, 0.45824233696734734, 0.32176979418464535, 0.15, 0.0, -0.03, 6.093024681850119e-17, 0.9950664446422137, 0.09921073907145457, 6.0749057022450045e-18
-0.45817136764526367, -0.1368376612663269, 0.2815953493118286, 1.324527382850647, 0.13681548833847046, -0.0030374163761734962, 0.337896466255188, 0.4396288990974426, 1.7803761959075928, 1.3556691408157349, 0.1440751999616623, -0.02425089105963707, 1.8191109895706177, 1.3242076635360718, 0.09051565080881119, -0.2532352805137634, 0.4627796709537506, 1.682944893836975, 0.5641523003578186, -1.053200125694275, 0.025424497202038765, 0.17788656055927277, -0.1292891800403595, -1.2623711824417114, 0.014574565382535098, 0.01081720212451176, -0.023696539553986845, 0.02554387935063135, -0.9383648237228596, 0.2989501519533716, 0.17160353864166977, 0.15, 0.0, -0.03, 6.093024681850119e-17, 0.9950664446422137, 0.09921073907145457, 6.0749057022450045e-18
-0.46079087257385254, -0.01490501593798399, 0.3324868977069855, 1.1841615438461304, -0.003914937376976013, -0.014296206645667553, 0.3483940064907074, 1.4507174491882324, 1.695163607597351, 0.9923951625823975, 0.057266805320978165, -0.01576855219900608, 1.3639748096466064, 0.35991451144218445, 0.7613510489463806, -0.2740399241447449, 0.33968469500541687, 1.7732608318328857, 1.4067672491073608, -0.28430861234664917, 0.020969999954104424, 0.14724783599376678, -0.5561531782150269, -1.598849892616272, 0.01776380388746901, 0.042039347679035166, -0.013863261772107394, 0.0578553481336484, -0.9731110128917746, 0.18185672641498696, 0.12898002302179792, 0.15, 0.0, -0.03, 6.093024681850119e-17, 0.9950664446422137, 0.09921073907145457, 6.0749057022450045e-18
-0.35391566157341003, -0.4041663408279419, 0.0687599703669548, 0.3299756944179535, 0.01837899163365364, -0.0036299843341112137, 0.335614413022995, 1.4681144952774048, 1.7103384733200073, 0.040382809937000275, 0.13186630606651306, 0.001196127152070403, 1.0024919509887695, 0.3605046570301056, 0.3205185532569885, -0.2549690008163452, 1.0832371711730957, 1.2571693658828735, 0.8284081816673279, 0.5229260921478271, 0.613131582736969, 0.1291431337594986, -0.4609004259109497, -1.1606216430664062, 0.01090874262239927, 0.03201200639430268, -0.01981195306408895, 0.04130006062044593, 0.985627670163089, -0.06305695281794856, -0.15118274208038254, 0.15, 0.0, -0.03, 0.5792173600404271, -0.5792173600404271, -0.40559493318802464, 0.40559493318802486
-0.4178312122821808, -0.6976509094238281, 0.15566785633563995, 0.208123117685318, 1.0345559120178223, 0.009999077767133713, 0.17637678980827332, 0.3567691147327423, 1.215405821800232, -0.0050221760757267475, -0.2897582948207855, 0.005437296815216541, 1.4666167497634888, 0.4891567826271057, 0.551059365272522, -0.26537132263183594, 0.2212204784154892, 1.569801688194275, 0.9135668873786926, 0.2978905439376831, 0.2970706820487976, 0.16187086701393127, -0.5826122760772705, -1.2160297632217407, 0.04310283060070352, 0.01710748723445854, -0.06511926150785513, 0.44940023364567805, 0.8921461251397553, -0.043567369630194926, -0.014717530391877535, 0.15, 0.0, -0.03, 0.5792173600404271, -0.5792173600404271, -0.40559493318802464, 0.40559493318802486
-0.36177411675453186, -0.7030359506607056, 0.33350473642349243, 0.23812897503376007, 1.1866021156311035, 0.03844233602285385, 0.2940806746482849, -0.06633564084768295, 1.5130658149719238, 0.749814510345459, -0.29667234420776367, -0.0009244577377103269, 1.7394284009933472, 0.4873863458633423, 0.652106523513794, -0.26363760232925415, -0.008508480153977871, 1.1225500106811523, 0.33674848079681396, 0.48511022329330444, 0.5661900043487549, -0.11512600630521774, -0.5958418250083923, -1.574671745300293, 0.053475329820611206, -0.004308160595710153, -0.07367405805403437, 0.19848622371904115, 0.8932050537947588, -0.2883276661362776, -0.2822323649223529, 0.15, 0.0, -0.03, 0.5792173600404271, -0.5792173600404271, -0.40559493318802464, 0.40559493318802486
-0.38273003697395325, -0.5495623350143433, 0.22456374764442444, -0.09987819194793701, 1.2933130264282227, 0.10125453025102615, 0.10777704417705536, -0.028831226751208305, 0.9422084093093872, 0.2518403232097626, -0.2690161466598511, 0.06269308924674988, 0.5886604189872742, 0.06670422106981277, 0.7722655534744263, -0.26537132263183594, 0.5441521406173706, 0.8900882005691528, 0.006891851779073477, 0.49936866760253906, 0.5689513087272644, 0.06577667593955994, -0.5799663662910461, -1.595827579498291, 0.051976320133401366, -0.04386488131094313, -0.07989062921870302, 0.5437590996548711, -0.7064329264601915, -0.2654289154044559, 0.3671866729915832, 0.15, 0.0, -0.03, 0.5792173600404271, -0.5792173600404271, -0.40559493318802464, 0.40559493318802486
-0.4057815670967102, -0.4930194616317749, 0.22861644625663757, 0.04309089854359627, 1.3890844583511353, 0.5445308685302734, 0.09028726071119308, 0.2591422498226166, 1.6683158874511719, 1.0139048099517822, -0.16876250505447388, 0.7337216734886169, 1.792099952697754, 1.4265793561935425, 0.523769199848175, -0.2723062038421631, 1.0444388389587402, 1.5588843822479248, 0.6294739842414856, -0.030064163729548454, 0.0001823478378355503, 0.15281851589679718, -0.1952643245458603, -1.280504822731018, 0.03229069131724094, -0.03262442324185588, -0.04332100554374235, 0.40750434988248396, -0.6620676474649422, -0.5386312872511969, 0.3247814209606357, 0.15, 0.0, -0.03, 1.7692363419171443e-17, -0.9573477445672542, -0.28893822172220707, -5.86206425527613e-17
